8460	8460_QuestoesQ__Imagem__125.png
17172	17172_QuestoesQ__Imagem__346.png
18586	18586_QuestoesQ__Imagem__381.png
22568	22568_QuestoesQ__Imagem__490.png
23753	23753_QuestoesQ__Imagem__561.png
26514	26514_QuestoesQ__Imagem__661.png
26682	26682_QuestoesQ__Imagem__674.png
27089	27089_QuestoesQ__Imagem__684.png
28382	28382_QuestoesQ__Imagem__731.png
28960	28960_QuestoesQ__Imagem__747.png
33053	33053_QuestoesQ__Imagem__877.png
37131	37131_QuestoesQ__Imagem__999.png
37676	37676_QuestoesQ__Imagem__1036.png
38938	38938_QuestoesQ__Imagem__1092.png
42856	42856_QuestoesQ__Imagem__1234.png
43779	43779_QuestoesQ__Imagem__1252.png
47243	47243_QuestoesQ__Imagem__1327.png
51009	51009_QuestoesQ__Imagem__1371.png
51104	51104_QuestoesQ__Imagem__1376.png
58866	58866_QuestoesQ__Imagem__1519.png
59029	59029_QuestoesQ__Imagem__1536.png
66512	66512_QuestoesQ__Imagem__1736.png
73502	73502_QuestoesQ__Imagem__1828.png
73543	73543_QuestoesQ__Imagem__1830.png
74379	74379_QuestoesQ__Imagem__1845.png
76366	76366_QuestoesQ__Imagem__1909.png
83340	83340_QuestoesQ__Imagem__2068.png
83668	83668_QuestoesQ__Imagem__2078.png
85311	85311_QuestoesQ__Imagem__2156.png
86368	86368_QuestoesQ__Imagem__2205.png
86944	86944_QuestoesQ__Imagem__2235.png
87596	87596_QuestoesQ__Imagem__2262.png
89371	89371_QuestoesQ__Imagem__2304.png
89673	89673_QuestoesQ__Imagem__2315.png
89926	89926_QuestoesQ__Imagem__2321.png
89943	89943_QuestoesQ__Imagem__2325.png
89979	89979_QuestoesQ__Imagem__2334.png
90438	90438_QuestoesQ__Imagem__2353.png
90585	90585_QuestoesQ__Imagem__2369.png
95274	95274_QuestoesQ__Imagem__2562.png
96285	96285_QuestoesQ__Imagem__2618.png
96324	96324_QuestoesQ__Imagem__2619.png
97163	97163_QuestoesQ__Imagem__2648.png
97197	97197_QuestoesQ__Imagem__2651.png
97223	97223_QuestoesQ__Imagem__2653.png
98175	98175_QuestoesQ__Imagem__2721.png
100827	100827_QuestoesQ__Imagem__2775.png
100907	100907_QuestoesQ__Imagem__2789.png
102222	102222_QuestoesQ__Imagem__2824.png
105020	105020_QuestoesQ__Imagem__2877.png
124181	124181_QuestoesQ__Imagem__3366.png
124183	124183_QuestoesQ__Imagem__3367.png
125603	125603_QuestoesQ__Imagem__3423.png
125677	125677_QuestoesQ__Imagem__3428.png
126444	126444_QuestoesQ__Imagem__3451.png
130123	130123_QuestoesQ__Imagem__3542.png
130139	130139_QuestoesQ__Imagem__3544.png
133372	133372_QuestoesQ__Imagem__3660.png
133423	133423_QuestoesQ__Imagem__3663.png
133739	133739_QuestoesQ__Imagem__3677.png
134050	134050_QuestoesQ__Imagem__3687.png
134479	134479_QuestoesQ__Imagem__3739.png
134489	134489_QuestoesQ__Imagem__3740.png
134540	134540_QuestoesQ__Imagem__3742.png
134682	134682_QuestoesQ__Imagem__3751.png
134838	134838_QuestoesQ__Imagem__3760.png
134972	134972_QuestoesQ__Imagem__3777.png
135107	135107_QuestoesQ__Imagem__3787.png
135271	135271_QuestoesQ__Imagem__3799.png
136060	136060_QuestoesQ__Imagem__3823.png
136105	136105_QuestoesQ__Imagem__3824.png
136191	136191_QuestoesQ__Imagem__3827.png
136420	136420_QuestoesQ__Imagem__3834.png
136734	136734_QuestoesQ__Imagem__3846.png
136767	136767_QuestoesQ__Imagem__3847.png
136781	136781_QuestoesQ__Imagem__3848.png
137224	137224_QuestoesQ__Imagem__3863.png
138663	138663_QuestoesQ__Imagem__3981.png
138681	138681_QuestoesQ__Imagem__3983.png
139009	139009_QuestoesQ__Imagem__3997.png
139116	139116_QuestoesQ__Imagem__4003.png
139830	139830_QuestoesQ__Imagem__4031.png
141168	141168_QuestoesQ__Imagem__4096.png
141743	141743_QuestoesQ__Imagem__4112.png
142395	142395_QuestoesQ__Imagem__4147.png
142415	142415_QuestoesQ__Imagem__4148.png
145086	145086_QuestoesQ__Imagem__4233.png
147316	147316_QuestoesQ__Imagem__4309.jpg
147336	147336_QuestoesQ__Imagem__4311.jpg
147536	147536_QuestoesQ__Imagem__4320.png
147773	147773_QuestoesQ__Imagem__4327.png
